ts,node,s_temp_win_c,s_hum_win_pct,s_temp_out_c,s_hum_out_pct
1764307859.9892614,window,23.2,49.5,22.9,46.7
1764307917.1655552,window,23.2,49.43,22.7,50.0
1764307917.1661253,window,23.2,49.37,22.7,49.9
1764307917.1666384,window,23.2,49.35,22.7,49.9
1764307917.1666384,window,23.18,49.34,22.7,50.0
1764307917.1671734,window,23.16,49.33,22.7,49.9
1764307920.002594,window,23.15,49.35,22.7,49.9
1764307930.00805,window,23.14,49.37,22.7,50.0
1764307940.0148027,window,23.13,49.41,22.7,50.0
1764307950.0197334,window,23.13,49.44,22.7,50.1
1764307960.0267177,window,23.12,49.51,22.7,50.5
1764307970.0465422,window,23.14,49.61,22.7,50.7
1764307980.0394335,window,23.13,49.72,22.7,50.7
1764307990.0502508,window,23.13,49.8,22.7,50.8
1764308000.052931,window,23.12,49.89,22.8,50.8
1764308010.0595937,window,23.13,49.94,22.8,50.5
1764308020.0649862,window,23.14,49.95,22.8,50.3
1764308030.0680807,window,23.15,49.92,22.8,50.1
1764308040.0761688,window,23.16,49.89,22.8,50.0
1764308050.079232,window,23.16,49.85,22.8,50.0
1764308060.0931873,window,23.15,49.81,22.8,50.0
1764308070.09144,window,23.15,49.81,22.7,50.1
1764308080.0984106,window,23.14,49.79,22.8,50.1
1764308090.1043043,window,23.15,49.78,22.8,50.1
1764308100.1057775,window,23.14,49.75,22.8,50.1
1764308110.1162739,window,23.15,49.73,22.8,49.9
1764308120.1166244,window,23.16,49.7,22.8,49.8
1764308130.1230626,window,23.16,49.65,22.8,49.8
1764308140.1307325,window,23.17,49.62,22.8,49.6
1764308150.135884,window,23.17,49.59,22.8,49.7
1764308160.1402678,window,23.18,49.57,22.8,49.8
1764308170.144884,window,23.18,49.56,22.8,49.8
1764308180.1507542,window,23.18,49.55,22.8,49.8
1764308190.1565452,window,23.17,49.55,22.8,49.8
1764308200.1620553,window,23.17,49.58,22.8,50.4
1764308210.1638277,window,23.18,49.69,22.8,50.8
1764308220.16934,window,23.18,49.75,22.8,50.6
1764308230.1750498,window,23.18,49.78,22.8,50.4
1764308240.1805217,window,23.19,49.79,22.8,50.0
1764308250.1861453,window,23.19,49.76,22.8,49.8
1764308260.1914737,window,23.19,49.72,22.8,49.8
1764308270.202354,window,23.19,49.7,22.8,49.9
1764308280.2071626,window,23.19,49.7,22.8,49.9
1764308290.211595,window,23.19,49.69,22.8,49.9
1764308300.2154415,window,23.19,49.69,22.9,49.9
1764308310.2207153,window,23.19,49.68,22.8,49.7
1764308320.2262785,window,23.2,49.67,22.9,49.9
1764308330.232189,window,23.2,49.64,22.9,49.6
1764308340.238445,window,23.2,49.62,22.9,49.6
1764308350.2428234,window,23.2,49.6,22.9,49.7
1764308360.2489762,window,23.2,49.6,22.9,50.0
1764308370.25664,window,23.2,49.59,22.9,49.9
1764308380.2595117,window,23.2,49.57,22.9,49.9
1764308390.265322,window,23.2,49.56,22.9,49.8
1764308400.2707508,window,23.2,49.57,22.9,49.8
1764308410.278165,window,23.21,49.56,22.9,49.7
1764308420.281559,window,23.22,49.54,22.9,49.5
1764308430.2862515,window,23.23,49.52,22.9,49.6
1764308440.2919552,window,23.24,49.5,23.0,49.8
1764308446.833228,camera,AWAY,0.9
1764308450.3017905,window,23.25,49.47,23.0,49.5
1764308456.8455305,camera,AWAKE_IN_ROOM,0.8
1764308460.307372,window,23.26,49.45,23.0,49.5
1764308466.8558254,camera,AWAKE_IN_ROOM,0.8
1764308470.3110266,window,23.26,49.47,23.0,49.8
1764308476.8956695,camera,AWAKE_IN_ROOM,0.8
1764308480.3182225,window,23.27,49.5,23.0,49.9
1764308486.9040213,camera,AWAKE_IN_ROOM,0.8
1764308490.3238976,window,23.27,49.52,23.0,49.8
1764308496.905388,camera,AWAKE_IN_ROOM,0.8
1764308500.331586,window,23.28,49.48,23.0,49.5
1764308506.9357233,camera,AWAKE_IN_ROOM,0.8
1764308510.3406174,window,23.28,49.44,23.0,49.4
1764308516.9372084,camera,AWAKE_IN_ROOM,0.8
1764308520.3434572,window,23.29,49.41,23.0,49.4
1764308526.9593332,camera,AWAKE_IN_ROOM,0.8
1764308530.3605115,window,23.3,49.36,23.0,49.4
1764308536.9638824,camera,AWAKE_IN_ROOM,0.8
1764308540.3672063,window,23.3,49.32,23.0,49.2
1764308546.991612,camera,AWAKE_IN_ROOM,0.8
1764308550.394828,window,23.3,49.28,23.0,49.2
1764308556.9973986,camera,AWAKE_IN_ROOM,0.8
1764308560.3757086,window,23.3,49.25,23.0,49.4
1764308567.0253518,camera,AWAKE_IN_ROOM,0.8
1764308570.3967583,window,23.3,49.23,23.0,49.4
1764308577.0513258,camera,AWAKE_IN_ROOM,0.8
1764308580.3997722,window,23.3,49.21,23.0,49.3
1764308587.0523815,camera,AWAKE_IN_ROOM,0.8
1764308590.408921,window,23.3,49.19,22.9,49.4
1764308597.055634,camera,AWAKE_IN_ROOM,0.8
1764308600.4147286,window,23.3,49.18,23.0,49.4
1764308607.094716,camera,AWAKE_IN_ROOM,0.8
1764308610.421867,window,23.3,49.18,23.0,49.4
1764308617.099331,camera,AWAKE_IN_ROOM,0.8
1764308620.4288664,window,23.3,49.19,23.0,49.4
1764308627.1010613,camera,AWAKE_IN_ROOM,0.8
1764308630.4449623,window,23.3,49.19,23.0,49.3
1764308637.126325,camera,AWAKE_IN_ROOM,0.8
1764308640.445344,window,23.3,49.17,23.0,49.3
1764308647.1533484,camera,AWAKE_IN_ROOM,0.8
1764308650.4521644,window,23.3,49.16,23.0,49.3
1764308657.1702876,camera,AWAKE_IN_ROOM,0.8
1764308660.4597065,window,23.3,49.17,23.0,49.5
1764308670.462371,window,23.3,49.17,23.0,49.5
1764308690.4700828,window,23.31,49.19,23.0,49.5
1764308700.4770126,window,23.32,49.19,23.0,49.4
1764308710.484805,window,23.32,49.2,23.0,49.4
1764308720.4900322,window,23.32,49.18,23.0,49.3
1764308730.510745,window,23.33,49.18,23.0,49.4
1764308737.4255776,camera,AWAKE_IN_ROOM,0.8
1764308740.5054622,window,23.34,49.3,23.0,50.2
1764308747.4496715,camera,AWAKE_IN_ROOM,0.8
1764308750.5216978,window,23.35,49.38,23.1,50.1
1764308757.4926684,camera,IN_BED_LYING,0.8
1764308760.5159414,window,23.35,49.41,23.0,49.8
1764308767.5326118,camera,IN_BED_LYING,0.8
1764308770.5215492,window,23.36,49.44,23.1,49.9
1764308777.5580997,camera,IN_BED_LYING,0.8
1764308780.5320106,window,23.36,49.45,23.0,49.7
1764308787.582553,camera,AWAKE_IN_ROOM,0.8
1764308790.5428982,window,23.37,49.42,23.1,49.5
1764308797.5903628,camera,AWAKE_IN_ROOM,0.8
1764308800.5503502,window,23.37,49.39,23.1,49.5
1764308807.6212356,camera,AWAKE_IN_ROOM,0.8
1764308810.5634873,window,23.38,49.35,23.0,49.3
1764308817.621801,camera,AWAKE_IN_ROOM,0.8
1764308820.5564742,window,23.38,49.3,23.0,49.2
1764308827.6474125,camera,AWAKE_IN_ROOM,0.8
1764308830.5649345,window,23.38,49.24,23.1,49.2
1764308837.6543336,camera,AWAKE_IN_ROOM,0.8
1764308840.5665789,window,23.38,49.19,23.1,49.1
1764308847.680887,camera,AWAKE_IN_ROOM,0.8
1764308850.5719464,window,23.39,49.16,23.1,49.2
1764308857.7111669,camera,AWAKE_IN_ROOM,0.8
1764308860.576898,window,23.39,49.12,23.0,49.0
1764308867.7241628,camera,AWAKE_IN_ROOM,0.8
1764308870.5850477,window,23.39,49.09,23.0,49.0
1764308877.7498484,camera,AWAKE_IN_ROOM,0.8
1764308880.5889802,window,23.39,49.05,23.1,48.9
1764308887.7776182,camera,AWAKE_IN_ROOM,0.8
1764308890.5964053,window,23.39,49.0,23.0,49.1
1764308897.7815545,camera,AWAKE_IN_ROOM,0.8
1764308900.6003277,window,23.39,49.0,23.0,49.3
1764308907.7851245,camera,AWAKE_IN_ROOM,0.8
1764308910.6083438,window,23.38,49.01,23.0,49.4
1764308917.8040605,camera,AWAKE_IN_ROOM,0.8
1764308920.6143079,window,23.38,49.03,23.0,49.3
1764308927.8055634,camera,AWAKE_IN_ROOM,0.8
1764308930.6185424,window,23.39,49.04,23.0,49.3
1764308937.8122702,camera,AWAKE_IN_ROOM,0.8
1764308940.6297023,window,23.39,49.03,23.0,49.3
1764308947.8411458,camera,AWAKE_IN_ROOM,0.8
1764308950.6309583,window,23.39,49.04,23.0,49.3
1764308957.848594,camera,AWAKE_IN_ROOM,0.8
1764308960.6412375,window,23.38,49.04,23.0,49.2
1764308967.873618,camera,AWAKE_IN_ROOM,0.8
1764308970.641617,window,23.38,49.0,23.1,49.1
1764308977.931717,camera,AWAKE_IN_ROOM,0.8
1764308980.64901,window,23.37,48.97,23.0,48.9
1764308987.9319062,camera,AWAKE_IN_ROOM,0.8
1764308990.648658,window,23.36,48.95,23.0,49.0
1764308997.939601,camera,AWAKE_IN_ROOM,0.8
1764309000.6562185,window,23.35,48.94,23.0,49.2
1764309007.9549813,camera,AWAKE_IN_ROOM,0.8
1764309010.6721761,window,23.35,48.95,23.0,49.2
1764309017.9878552,camera,AWAKE_IN_ROOM,0.8
1764309020.666282,window,23.34,48.96,23.0,49.2
1764309028.0589488,camera,AWAKE_IN_ROOM,0.8
1764309030.671469,window,23.33,48.96,23.0,49.3
1764309038.1143317,camera,AWAKE_IN_ROOM,0.8
1764309040.6781785,window,23.33,48.98,23.0,49.3
1764309048.1933117,camera,AWAKE_IN_ROOM,0.8
1764309050.6819644,window,23.34,49.0,23.0,49.3
1764309058.2499452,camera,AWAKE_IN_ROOM,0.8
1764309060.6879346,window,23.33,49.0,23.0,49.2
1764309068.2517195,camera,AWAKE_IN_ROOM,0.8
1764309070.6945193,window,23.33,48.99,23.0,49.1
1764309078.2768154,camera,AWAKE_IN_ROOM,0.8
1764309080.69829,window,23.33,48.99,23.0,49.1
1764309088.2784295,camera,AWAKE_IN_ROOM,0.8
1764309090.7135708,window,23.32,49.02,23.0,49.2
1764309098.3424282,camera,AWAKE_IN_ROOM,0.8
1764309100.709598,window,23.32,49.04,23.0,49.3
1764309108.347684,camera,AWAKE_IN_ROOM,0.8
1764309110.7171638,window,23.32,49.05,23.0,49.2
1764309118.4237247,camera,AWAKE_IN_ROOM,0.8
1764309120.7189078,window,23.31,49.05,23.0,49.1
1764309128.4325287,camera,AWAKE_IN_ROOM,0.8
1764309130.7246509,window,23.31,49.02,23.0,49.1
1764309138.5134015,camera,AWAKE_IN_ROOM,0.8
1764309140.7287176,window,23.31,49.01,23.0,49.0
1764309148.5666564,camera,AWAKE_IN_ROOM,0.8
1764309150.7348979,window,23.31,48.98,23.0,48.9
1764309158.575262,camera,AWAKE_IN_ROOM,0.8
1764309160.7402763,window,23.31,48.95,23.0,49.0
1764309168.6142218,camera,AWAKE_IN_ROOM,0.8
1764309170.7426636,window,23.31,48.94,23.0,49.0
1764309178.6251862,camera,AWAKE_IN_ROOM,0.8
1764309180.7574034,window,23.31,48.97,23.0,49.3
1764309188.6969297,camera,AWAKE_IN_ROOM,0.8
1764309190.7578132,window,23.31,49.0,23.0,49.4
1764309198.7387571,camera,AWAKE_IN_ROOM,0.8
1764309200.7612681,window,23.3,49.03,23.0,49.4
1764309208.7790866,camera,AWAKE_IN_ROOM,0.8
1764309210.769244,window,23.3,49.04,23.0,49.3
1764309218.8715572,camera,AWAKE_IN_ROOM,0.8
1764309220.7757194,window,23.3,49.03,23.0,49.2
1764309228.9247456,camera,AWAKE_IN_ROOM,0.8
1764309230.7779431,window,23.3,49.04,23.0,49.2
1764309238.9447129,camera,AWAKE_IN_ROOM,0.8
1764309240.7842429,window,23.3,49.05,23.0,49.2
1764309249.0058353,camera,AWAKE_IN_ROOM,0.8
1764309250.807314,window,23.3,49.04,23.0,49.2
1764309259.0065198,camera,AWAKE_IN_ROOM,0.8
1764309260.7987354,window,23.3,49.05,23.0,49.2
1764309269.0977876,camera,AWAKE_IN_ROOM,0.8
1764309270.8045285,window,23.3,49.04,23.0,49.1
1764309279.1656675,camera,AWAKE_IN_ROOM,0.8
1764309280.8088694,window,23.3,49.02,23.0,48.9
1764309289.1840224,camera,AWAKE_IN_ROOM,0.8
1764309290.8160825,window,23.3,48.99,23.0,48.8
1764309299.2557604,camera,AWAKE_IN_ROOM,0.8
1764309300.8201625,window,23.3,48.96,23.0,48.8
1764309309.3186085,camera,AWAKE_IN_ROOM,0.8
1764309310.8237352,window,23.3,48.94,23.0,49.0
1764309319.3370926,camera,AWAKE_IN_ROOM,0.8
1764309320.8284278,window,23.3,48.92,23.0,49.0
1764309329.3466825,camera,AWAKE_IN_ROOM,0.8
1764309330.834631,window,23.3,48.9,23.0,49.0
1764309339.3518188,camera,AWAKE_IN_ROOM,0.8
1764309340.8393662,window,23.3,48.89,23.0,49.0
1764309349.4269323,camera,AWAKE_IN_ROOM,0.8
1764309350.8459911,window,23.3,48.89,23.0,49.0
1764309359.5072377,camera,AWAKE_IN_ROOM,0.8
1764309360.8505652,window,23.3,48.88,23.0,49.0
1764309369.5890117,camera,AWAKE_IN_ROOM,0.8
1764309370.8510664,window,23.3,48.86,23.0,49.0
1764309379.6504474,camera,AWAKE_IN_ROOM,0.8
1764309380.8569503,window,23.3,48.86,23.0,48.9
1764309389.73848,camera,AWAKE_IN_ROOM,0.8
1764309390.8623397,window,23.3,48.86,23.0,49.1
1764309399.8279529,camera,AWAKE_IN_ROOM,0.8
1764309400.8675005,window,23.3,48.88,23.0,49.2
1764309409.9009264,camera,AWAKE_IN_ROOM,0.8
1764309410.8693924,window,23.3,48.9,23.0,49.2
1764309419.9875045,camera,AWAKE_IN_ROOM,0.8
1764309420.88569,window,23.3,48.93,23.0,49.3
1764309430.0247314,camera,AWAKE_IN_ROOM,0.8
1764309430.885854,window,23.3,48.95,23.0,49.3
1764309440.0473034,camera,AWAKE_IN_ROOM,0.8
1764309440.8912728,window,23.3,48.96,23.0,49.2
1764309450.0959718,camera,AWAKE_IN_ROOM,0.8
1764309450.8954227,window,23.31,48.97,23.0,49.1
1764309460.1461563,camera,AWAKE_IN_ROOM,0.8
1764309460.9039621,window,23.31,48.99,23.0,49.1
1764309470.2260487,camera,AWAKE_IN_ROOM,0.8
1764309470.9105675,window,23.32,49.06,23.0,49.6
1764309480.2981954,camera,AWAKE_IN_ROOM,0.8
1764309480.9156868,window,23.33,49.11,23.1,49.5
1764309490.322939,camera,AWAKE_IN_ROOM,0.8
1764309490.9204748,window,23.34,49.14,23.1,49.4
1764309500.4093232,camera,AWAKE_IN_ROOM,0.8
1764309500.928565,window,23.35,49.18,23.1,49.4
1764309510.4159644,camera,AWAKE_IN_ROOM,0.8
1764309510.9395914,window,23.36,49.21,23.1,49.4
1764309520.4855685,camera,AWAKE_IN_ROOM,0.8
1764309520.9448287,window,23.36,49.22,23.1,49.5
1764309530.49165,camera,AWAKE_IN_ROOM,0.8
1764309530.951417,window,23.37,49.2,23.1,49.2
1764309540.5013454,camera,AWAKE_IN_ROOM,0.8
1764309540.9542265,window,23.37,49.19,23.1,49.3
1764309550.55143,camera,AWAKE_IN_ROOM,0.8
1764309550.9570973,window,23.38,49.16,23.1,49.0
1764309560.5903156,camera,AWAKE_IN_ROOM,0.8
1764309560.962204,window,23.38,49.11,23.1,48.9
1764309570.635983,camera,AWAKE_IN_ROOM,0.8
1764309570.9707909,window,23.38,49.08,23.1,49.1
1764309580.659023,camera,AWAKE_IN_ROOM,0.8
1764309580.9757411,window,23.38,49.04,23.1,48.9
1764309590.7432504,camera,AWAKE_IN_ROOM,0.8
1764309590.9796412,window,23.39,49.0,23.1,48.9
1764309600.7937307,camera,AWAKE_IN_ROOM,0.8
1764309600.9843383,window,23.39,48.99,23.1,49.0
1764309610.8189507,camera,AWAKE_IN_ROOM,0.8
1764309610.9912972,window,23.39,48.98,23.2,49.0
1764309620.8195236,camera,AWAKE_IN_ROOM,0.8
1764309620.9946098,window,23.39,48.95,23.1,48.9
1764309630.8282778,camera,AWAKE_IN_ROOM,0.8
1764309631.000572,window,23.39,48.91,23.1,48.8
1764309640.8960333,camera,AWAKE_IN_ROOM,0.8
1764309641.0048475,window,23.39,48.87,23.1,48.8
1764309650.9820125,camera,AWAKE_IN_ROOM,0.8
1764309651.0113492,window,23.39,48.84,23.1,48.9
1764309661.0188289,window,23.39,48.82,23.1,49.0
1764309661.0613678,camera,AWAKE_IN_ROOM,0.8
1764309671.0230427,window,23.41,48.82,23.1,48.9
1764309671.1318638,camera,AWAKE_IN_ROOM,0.8
1764309681.0278912,window,23.42,48.83,23.2,49.0
1764309681.134981,camera,AWAKE_IN_ROOM,0.8
1764309691.037736,window,23.43,48.84,23.1,49.1
1764309691.2226958,camera,AWAKE_IN_ROOM,0.8
1764309701.0418975,window,23.44,48.86,23.1,49.1
1764309701.2800028,camera,AWAKE_IN_ROOM,0.8
1764309711.0488772,window,23.45,48.88,23.2,49.1
1764309711.2899725,camera,AWAKE_IN_ROOM,0.8
1764309721.054431,window,23.45,48.9,23.2,49.2
1764309721.2938023,camera,AWAKE_IN_ROOM,0.8
1764309731.059842,window,23.46,48.9,23.2,49.0
1764309731.3023129,camera,AWAKE_IN_ROOM,0.8
1764309741.0688293,window,23.47,48.9,23.2,49.0
1764309741.3674703,camera,AWAKE_IN_ROOM,0.8
1764309751.0730567,window,23.47,48.9,23.2,49.1
1764309751.3805008,camera,AWAKE_IN_ROOM,0.8
1764309761.0811071,window,23.47,48.9,23.2,49.1
1764309761.4568858,camera,AWAKE_IN_ROOM,0.8
1764309771.0934563,window,23.48,48.9,23.2,49.1
1764309771.5309722,camera,AWAKE_IN_ROOM,0.8
1764309781.0934532,window,23.48,48.89,23.2,49.0
1764309781.539239,camera,AWAKE_IN_ROOM,0.8
1764309791.1047342,window,23.48,48.86,23.2,48.8
1764309791.621701,camera,AWAKE_IN_ROOM,0.8
1764309801.1069899,window,23.5,48.84,23.2,48.8
1764309801.6298273,camera,AWAKE_IN_ROOM,0.8
1764309811.1131966,window,23.51,48.79,23.2,48.7
1764309811.7036765,camera,AWAKE_IN_ROOM,0.8
1764309821.1187165,window,23.51,48.74,23.2,48.6
1764309821.7571387,camera,AWAKE_IN_ROOM,0.8
1764309831.1207137,window,23.51,48.69,23.2,48.6
1764309831.8148658,camera,AWAKE_IN_ROOM,0.8
1764309841.1345084,window,23.51,48.65,23.2,48.6
1764309841.8965478,camera,AWAKE_IN_ROOM,0.8
1764309851.132163,window,23.51,48.61,23.2,48.6
1764309851.953177,camera,AWAKE_IN_ROOM,0.8
1764309861.151089,window,23.51,48.58,23.2,48.6
1764309861.9643424,camera,AWAKE_IN_ROOM,0.8
1764309871.1449995,window,23.51,48.56,23.2,48.5
1764309872.040119,camera,AWAKE_IN_ROOM,0.8
1764309881.1490936,window,23.5,48.53,23.2,48.6
1764309882.120889,camera,AWAKE_IN_ROOM,0.8
1764309891.1509125,window,23.5,48.51,23.2,48.6
1764309892.1606157,camera,IN_BED_LYING,0.8
1764309901.154264,window,23.5,48.51,23.2,48.7
1764309902.2164965,camera,AWAKE_IN_ROOM,0.8
1764309911.16055,window,23.5,48.51,23.2,48.7
1764309912.2702413,camera,AWAKE_IN_ROOM,0.8
1764309921.1752477,window,23.52,48.52,23.2,48.7
1764309922.2747843,camera,AWAKE_IN_ROOM,0.8
1764309931.1728666,window,23.53,48.52,23.3,48.7
1764309932.290169,camera,IN_BED_LYING,0.8
1764309941.1866467,window,23.54,48.5,23.3,48.7
1764309942.3656495,camera,AWAKE_IN_ROOM,0.8
1764309951.1795518,window,23.54,48.49,23.3,48.6
1764309952.390952,camera,IN_BED_LYING,0.8
1764309961.1859367,window,23.55,48.46,23.3,48.5
1764309962.4361472,camera,AWAKE_IN_ROOM,0.8
1764309971.1905758,window,23.56,48.44,23.3,48.4
1764309972.4382198,camera,IN_BED_LYING,0.8
1764309981.1958299,window,23.56,48.4,23.3,48.5
1764309982.5299346,camera,IN_BED_LYING,0.8
1764309991.2034228,window,23.57,48.37,23.2,48.5
1764309992.6022437,camera,AWAKE_IN_ROOM,0.8
1764310001.2087045,window,23.57,48.36,23.2,48.5
1764310002.6151035,camera,AWAKE_IN_ROOM,0.8
1764310011.219297,window,23.58,48.37,23.2,48.7
1764310012.6843677,camera,AWAKE_IN_ROOM,0.8
1764310021.2215517,window,23.58,48.42,23.2,49.0
1764310022.6948755,camera,AWAKE_IN_ROOM,0.8
1764310031.249775,window,23.57,48.46,23.2,48.9
1764310032.764794,camera,AWAKE_IN_ROOM,0.8
1764310041.231987,window,23.56,48.48,23.2,48.9
1764310042.7671256,camera,AWAKE_IN_ROOM,0.8
1764310051.2408051,window,23.55,48.48,23.2,48.8
1764310052.7762568,camera,AWAKE_IN_ROOM,0.8
1764310061.2561963,window,23.55,48.47,23.2,48.6
1764310062.850934,camera,AWAKE_IN_ROOM,0.8
1764310071.2481368,window,23.54,48.46,23.2,48.5
1764310072.9361129,camera,AWAKE_IN_ROOM,0.8
1764310081.2597907,window,23.53,48.47,23.2,48.6
1764310083.0091758,camera,AWAKE_IN_ROOM,0.8
1764310091.2573538,window,23.53,48.47,23.2,48.6
1764310093.0134687,camera,AWAKE_IN_ROOM,0.8
1764310101.2620068,window,23.53,48.52,23.2,49.1
1764310103.087071,camera,AWAKE_IN_ROOM,0.8
1764310111.2694988,window,23.52,48.57,23.2,49.1
1764310113.095603,camera,AWAKE_IN_ROOM,0.8
1764310121.275264,window,23.53,48.64,23.2,49.3
1764310123.1554005,camera,AWAKE_IN_ROOM,0.8
1764310131.2780056,window,23.54,48.69,23.3,49.2
1764310133.1693044,camera,AWAKE_IN_ROOM,0.8
1764310141.282882,window,23.55,48.72,23.3,49.1
1764310143.1770747,camera,AWAKE_IN_ROOM,0.8
1764310151.2904053,window,23.56,48.76,23.3,49.1
1764310153.2555573,camera,AWAKE_IN_ROOM,0.8
1764310161.2950218,window,23.56,48.83,23.3,49.4
1764310163.329795,camera,IN_BED_LYING,0.8
1764310171.3041568,window,23.57,48.87,23.3,49.4
1764310173.3655124,camera,IN_BED_LYING,0.8
1764310181.3070323,window,23.57,48.89,23.3,49.2
1764310183.4412684,camera,IN_BED_LYING,0.8
1764310191.3156307,window,23.57,48.87,23.4,49.0
1764310193.443096,camera,IN_BED_LYING,0.8
1764310201.3194327,window,23.59,48.83,23.4,48.8
1764310203.5264893,camera,IN_BED_LYING,0.8
1764310211.3240335,window,23.61,48.8,23.4,48.7
1764310213.5983024,camera,IN_BED_LYING,0.8
1764310221.3312726,window,23.62,48.76,23.4,48.7
1764310223.6873724,camera,IN_BED_LYING,0.8
1764310231.3372893,window,23.63,48.73,23.4,48.9
1764310233.687788,camera,IN_BED_LYING,0.8
1764310241.3427343,window,23.64,48.71,23.4,48.7
1764310243.6890652,camera,AWAKE_IN_ROOM,0.8
1764310251.3488874,window,23.65,48.65,23.4,48.5
1764310253.7675183,camera,AWAKE_IN_ROOM,0.8
1764310261.363916,window,23.65,48.59,23.4,48.3
1764310263.8193996,camera,AWAKE_IN_ROOM,0.8
1764310271.3614342,window,23.66,48.52,23.4,48.2
1764310273.8309278,camera,AWAKE_IN_ROOM,0.8
1764310281.3742447,window,23.66,48.43,23.3,48.1
1764310283.8957555,camera,AWAKE_IN_ROOM,0.8
1764310291.3764424,window,23.67,48.38,23.3,48.3
1764310293.9275928,camera,AWAKE_IN_ROOM,0.8
1764310301.3820465,window,23.67,48.34,23.4,48.3
1764310303.9856725,camera,AWAKE_IN_ROOM,0.8
1764310311.3911438,window,23.68,48.32,23.4,48.4
1764310314.0010822,camera,AWAKE_IN_ROOM,0.8
1764310321.3938317,window,23.68,48.3,23.3,48.5
1764310324.0806053,camera,AWAKE_IN_ROOM,0.8
1764310331.398293,window,23.68,48.29,23.3,48.5
1764310334.0822532,camera,AWAKE_IN_ROOM,0.8
1764310341.404217,window,23.68,48.27,23.4,48.4
1764310344.169455,camera,AWAKE_IN_ROOM,0.8
1764310351.41912,window,23.69,48.25,23.4,48.3
1764310354.2441797,camera,AWAKE_IN_ROOM,0.8
1764310361.4181275,window,23.69,48.23,23.4,48.3
1764310364.3049476,camera,AWAKE_IN_ROOM,0.8
1764310371.4260314,window,23.69,48.21,23.3,48.3
1764310374.3272517,camera,AWAKE_IN_ROOM,0.8
1764310381.4324932,window,23.69,48.22,23.4,48.5
1764310384.388432,camera,AWAKE_IN_ROOM,0.8
1764310391.4373922,window,23.69,48.25,23.4,48.5
1764310394.4036705,camera,AWAKE_IN_ROOM,0.8
1764310401.44133,window,23.69,48.26,23.4,48.4
1764310404.4879065,camera,AWAKE_IN_ROOM,0.8
1764310411.447716,window,23.69,48.25,23.4,48.3
1764310414.5647843,camera,AWAKE_IN_ROOM,0.8
1764310421.4543169,window,23.7,48.27,23.4,48.5
1764310424.63611,camera,AWAKE_IN_ROOM,0.8
1764310431.4626184,window,23.7,48.33,23.4,49.0
1764310434.6486676,camera,AWAKE_IN_ROOM,0.8
1764310441.468695,window,23.7,48.39,23.4,48.9
1764310444.6505947,camera,AWAKE_IN_ROOM,0.8
1764310451.4755952,window,23.7,48.39,23.4,48.6
1764310454.7056804,camera,AWAKE_IN_ROOM,0.8
1764310461.4779902,window,23.7,48.36,23.4,48.3
1764310464.7278981,camera,AWAKE_IN_ROOM,0.8
1764310471.4846792,window,23.7,48.34,23.4,48.4
1764310474.7295659,camera,AWAKE_IN_ROOM,0.8
1764310481.4885032,window,23.7,48.32,23.4,48.4
1764310484.8020024,camera,AWAKE_IN_ROOM,0.8
1764310491.4967377,window,23.7,48.29,23.3,48.3
1764310494.8080053,camera,AWAKE_IN_ROOM,0.8
1764310501.5013483,window,23.7,48.24,23.4,48.1
1764310504.8514187,camera,AWAKE_IN_ROOM,0.8
1764310511.509402,window,23.7,48.18,23.4,47.9
1764310514.9038959,camera,AWAKE_IN_ROOM,0.8
1764310521.5165796,window,23.7,48.12,23.3,47.8
1764310524.9123085,camera,AWAKE_IN_ROOM,0.8
1764310531.5202465,window,23.7,48.05,23.3,47.8
1764310534.9125369,camera,IN_BED_LYING,0.8
1764310541.5258749,window,23.7,47.98,23.4,47.7
1764310544.9170573,camera,IN_BED_LYING,0.8
1764310551.5320997,window,23.69,47.9,23.3,47.5
1764310554.9920309,camera,AWAKE_IN_ROOM,0.8
1764310561.5379696,window,23.67,47.82,23.3,47.6
1764310565.0682733,camera,AWAKE_IN_ROOM,0.8
1764310571.5433128,window,23.66,47.79,23.3,47.8
1764310575.0718303,camera,AWAKE_IN_ROOM,0.8
1764310581.5482864,window,23.66,47.75,23.3,47.7
1764310585.1481993,camera,AWAKE_IN_ROOM,0.8
1764310591.553729,window,23.65,47.71,23.3,47.7
1764310595.1516206,camera,AWAKE_IN_ROOM,0.8
1764310601.5600595,window,23.64,47.68,23.3,47.7
1764310605.1615152,camera,AWAKE_IN_ROOM,0.8
1764310611.565261,window,23.64,47.65,23.3,47.7
1764310615.232251,camera,AWAKE_IN_ROOM,0.8
1764310621.571847,window,23.63,47.63,23.3,47.7
1764310625.2414858,camera,AWAKE_IN_ROOM,0.8
1764310631.5769296,window,23.63,47.63,23.3,47.9
1764310635.321698,camera,AWAKE_IN_ROOM,0.8
1764310641.5826094,window,23.62,47.62,23.3,47.8
1764310645.3959093,camera,AWAKE_IN_ROOM,0.8
1764310651.5874727,window,23.62,47.63,23.3,47.9
1764310655.4677749,camera,AWAKE_IN_ROOM,0.8
1764310661.5945387,window,23.62,47.66,23.3,47.9
1764310665.5487063,camera,AWAKE_IN_ROOM,0.8
1764310671.601129,window,23.62,47.66,23.3,47.9
1764310675.5601678,camera,AWAKE_IN_ROOM,0.8
1764310681.6040847,window,23.6,47.66,23.3,47.8
1764310685.6338825,camera,AWAKE_IN_ROOM,0.8
1764310691.6087315,window,23.6,47.63,23.2,47.7
1764310695.694896,camera,AWAKE_IN_ROOM,0.8
1764310699.946524,window,,
1764310701.614896,window,23.6,47.66,23.2,48.1
1764310705.7071905,camera,AWAKE_IN_ROOM,0.8
1764310709.943007,window,,
1764310711.622725,window,23.6,47.68,23.2,47.9
1764310715.770856,camera,AWAKE_IN_ROOM,0.8
1764311156.4442084,window,,
1764311156.4448154,window,23.59,47.67,23.2,47.8
1764310725.7775614,camera,AWAKE_IN_ROOM,0.8
1764311156.4456446,window,,
1764311156.4456446,window,23.58,47.64,23.2,47.7
1764310735.8000724,camera,AWAKE_IN_ROOM,0.8
1764311156.4463904,window,,
1764311156.4468935,window,23.57,47.61,23.2,47.6
1764310745.8738253,camera,AWAKE_IN_ROOM,0.8
1764311156.4475386,window,,
1764311156.4475386,window,23.56,47.58,23.2,47.6
1764310755.8807635,camera,AWAKE_IN_ROOM,0.8
1764311156.4481685,window,23.55,47.54,23.2,47.6
1764310765.9531472,camera,AWAKE_IN_ROOM,0.8
1764311156.4488082,window,23.54,47.52,23.2,47.6
1764310775.955856,camera,AWAKE_IN_ROOM,0.8
1764311156.44941,window,23.54,47.48,23.2,47.6
1764310785.9596138,camera,AWAKE_IN_ROOM,0.8
1764311156.4499123,window,23.53,47.47,23.2,47.6
1764310796.032478,camera,AWAKE_IN_ROOM,0.8
1764311156.4505966,window,23.53,47.46,23.1,47.6
1764310806.1227393,camera,AWAKE_IN_ROOM,0.8
1764311156.4505966,window,23.52,47.47,23.1,47.7
1764310816.1934338,camera,AWAKE_IN_ROOM,0.8
1764311156.4518778,window,23.52,47.49,23.1,47.8
1764310826.2542963,camera,AWAKE_IN_ROOM,0.8
1764311156.4523814,window,23.52,47.52,23.2,48.0
1764310836.2622778,camera,AWAKE_IN_ROOM,0.8
1764311156.4529028,window,23.52,47.53,23.2,47.8
1764310846.3024447,camera,AWAKE_IN_ROOM,0.8
1764311156.4539356,window,23.51,47.54,23.2,47.8
1764310856.3079035,camera,AWAKE_IN_ROOM,0.8
1764311156.4539356,window,23.51,47.53,23.1,47.6
1764310866.3833413,camera,AWAKE_IN_ROOM,0.8
1764311156.4549377,window,23.51,47.53,23.2,47.7
1764310876.3857193,camera,AWAKE_IN_ROOM,0.8
1764311156.4555914,window,23.51,47.51,23.1,47.6
1764310886.3886573,camera,AWAKE_IN_ROOM,0.8
1764311156.456098,window,23.51,47.49,23.2,47.5
1764310896.4648762,camera,AWAKE_IN_ROOM,0.8
1764311156.4566505,window,23.51,47.48,23.1,47.4
1764310906.5225692,camera,AWAKE_IN_ROOM,0.8
1764311156.4572973,window,23.49,47.45,23.1,47.4
1764310916.548086,camera,AWAKE_IN_ROOM,0.8
1764311156.4572973,window,23.49,47.43,23.1,47.5
1764310926.551033,camera,AWAKE_IN_ROOM,0.8
1764311156.458403,window,23.49,47.41,23.2,47.5
1764310936.6323826,camera,AWAKE_IN_ROOM,0.8
1764311156.4589674,window,23.5,47.38,23.2,47.4
1764310946.6347601,camera,AWAKE_IN_ROOM,0.8
1764311156.459525,window,23.5,47.37,23.2,47.4
1764310956.710457,camera,AWAKE_IN_ROOM,0.8
1764311156.460101,window,23.5,47.36,23.1,47.4
1764310966.788044,camera,AWAKE_IN_ROOM,0.8
1764311156.4607089,window,23.5,47.34,23.2,47.5
1764310976.791464,camera,AWAKE_IN_ROOM,0.8
1764311156.4621572,window,23.5,47.33,23.2,47.5
1764310986.821159,camera,AWAKE_IN_ROOM,0.8
1764311156.462933,window,23.5,47.33,23.1,47.5
1764310996.8717453,camera,AWAKE_IN_ROOM,0.8
1764311156.4634364,window,23.5,47.31,23.1,47.5
1764311006.937581,camera,AWAKE_IN_ROOM,0.8
1764311156.463972,window,23.5,47.29,23.2,47.4
1764311016.9444752,camera,AWAKE_IN_ROOM,0.8
1764311156.4645777,window,23.5,47.29,23.2,47.5
1764311026.9482806,camera,AWAKE_IN_ROOM,0.8
1764311156.4650803,window,23.5,47.28,23.2,47.4
1764311036.9505723,camera,AWAKE_IN_ROOM,0.8
1764311156.465704,window,23.5,47.25,23.1,47.4
1764311047.022809,camera,AWAKE_IN_ROOM,0.8
1764311156.4662077,window,23.5,47.23,23.2,47.4
1764311057.1140957,camera,AWAKE_IN_ROOM,0.8
1764311156.4667137,window,23.5,47.23,23.2,47.4
1764311067.1814175,camera,AWAKE_IN_ROOM,0.8
1764311156.4673593,window,23.5,47.24,23.1,47.6
1764311077.2500265,camera,AWAKE_IN_ROOM,0.8
1764311156.467868,window,23.5,47.26,23.2,47.5
1764311087.3213031,camera,AWAKE_IN_ROOM,0.8
1764311156.468388,window,23.5,47.28,23.2,47.6
1764311097.3388143,camera,AWAKE_IN_ROOM,0.8
1764311156.4688923,window,23.5,47.28,23.2,47.6
1764311107.4196851,camera,AWAKE_IN_ROOM,0.8
1764311156.469475,window,23.5,47.29,23.1,47.5
1764311117.5058396,camera,AWAKE_IN_ROOM,0.8
1764311156.4699793,window,23.5,47.27,23.1,47.4
1764311127.5652385,camera,AWAKE_IN_ROOM,0.8
1764311156.4705427,window,23.5,47.29,23.2,47.6
1764311137.5849955,camera,AWAKE_IN_ROOM,0.8
1764311156.4705427,window,23.5,47.31,23.1,47.6
1764311147.5899038,camera,AWAKE_IN_ROOM,0.8
1764311156.4712684,window,23.5,47.35,23.2,47.8
1764311156.471772,bedside,24.2,47.3
1764311156.471772,bedside,,
1764311156.472449,bedside,,
1764311156.472449,bedside,,
1764311156.4729881,window,,
1764311156.4729881,window,,
1764311156.4735007,window,,
1764311156.4735007,window,,
1764311156.4740033,window,,
1764311156.4740033,window,,
1764311157.601632,camera,AWAKE_IN_ROOM,0.8
1764311159.0794148,bedside,24.27,47.23
1764311161.7702224,window,23.5,47.42,23.2,48.0
1764311167.623347,camera,AWAKE_IN_ROOM,0.8
1764311171.7739038,window,23.5,47.6,23.2,49.2
1764311177.6379287,camera,AWAKE_IN_ROOM,0.8
1764311181.7804205,window,23.5,47.82,23.2,49.3
1764311187.7013352,camera,AWAKE_IN_ROOM,0.8
1764311191.7878096,window,23.51,47.95,23.3,48.8
1764311196.4148307,bedside,24.3,47.2
1764311197.7021034,camera,AWAKE_IN_ROOM,0.8
1764311201.7914276,window,23.52,47.99,23.3,48.3
1764311206.4070938,bedside,24.1,44.72
1764311207.7764876,camera,AWAKE_IN_ROOM,0.8
1764311211.7985616,window,23.53,47.96,23.2,48.0
1764311216.4079022,bedside,23.77,42.15
1764311217.8668897,camera,AWAKE_IN_ROOM,0.8
1764311221.8050025,window,23.54,47.92,23.2,47.9
1764311226.4116504,bedside,23.33,40.02
1764311227.935994,camera,AWAKE_IN_ROOM,0.8
1764311231.8096926,window,23.55,47.89,23.2,47.9
1764311236.408874,bedside,22.84,38.41
1764311238.0241075,camera,AWAKE_IN_ROOM,0.8
1764311241.817634,window,23.56,47.85,23.3,47.8
1764311246.4089532,bedside,22.29,37.24
1764311248.093244,camera,AWAKE_IN_ROOM,0.8
1764311251.8203099,window,23.56,47.78,23.3,47.6
1764311256.411978,bedside,21.72,36.45
1764311258.0988019,camera,AWAKE_IN_ROOM,0.8
1764311261.825818,window,23.57,47.71,23.3,47.5
1764311266.40896,bedside,21.12,35.98
1764311268.1780307,camera,AWAKE_IN_ROOM,0.8
1764311271.8316472,window,23.57,47.7,23.2,47.9
1764311276.4143047,bedside,20.49,35.78
1764311278.198637,camera,AWAKE_IN_ROOM,0.8
1764311281.840288,window,23.58,47.65,23.2,47.7
1764311286.4101136,bedside,19.87,35.8
1764311288.2603145,camera,AWAKE_IN_ROOM,0.8
1764311291.8485825,window,23.58,47.63,23.2,47.6
1764311296.4109783,bedside,19.24,36.01
1764311298.3181698,camera,AWAKE_IN_ROOM,0.8
1764311301.8496194,window,23.58,47.63,23.3,47.7
1764311306.4122586,bedside,18.6,36.39
1764311308.3197768,camera,AWAKE_IN_ROOM,0.8
1764311311.8543942,window,23.58,47.59,23.3,47.6
1764311316.41204,bedside,17.97,36.91
1764311318.3274152,camera,AWAKE_IN_ROOM,0.8
1764311321.8617513,window,23.59,47.56,23.3,47.6
1764311326.4142478,bedside,17.34,37.55
1764311328.3413966,camera,AWAKE_IN_ROOM,0.8
1764311331.8660712,window,23.59,47.53,23.3,47.4
1764311336.4147408,bedside,16.72,38.29
1764311338.415674,camera,AWAKE_IN_ROOM,0.8
1764311341.8748498,window,23.59,47.46,23.2,47.3
1764311346.415737,bedside,16.11,39.1
1764311348.4162705,camera,AWAKE_IN_ROOM,0.8
1764311351.8793945,window,23.58,47.41,23.2,47.2
1764311358.426886,camera,AWAKE_IN_ROOM,0.8
1764311361.8859708,window,23.57,47.37,23.2,47.2
1764311368.5011358,camera,AWAKE_IN_ROOM,0.8
1764311371.8922276,window,23.57,47.33,23.2,47.2
1764311378.501458,camera,AWAKE_IN_ROOM,0.8
1764311381.8990045,window,23.56,47.35,23.2,47.8
1764311388.5028405,camera,AWAKE_IN_ROOM,0.8
1764311391.9023726,window,23.55,47.37,23.2,47.7
1764311398.5070329,camera,AWAKE_IN_ROOM,0.8
1764311401.9087274,window,23.55,47.36,23.2,47.5
1764311408.568672,camera,AWAKE_IN_ROOM,0.8
1764311411.9142945,window,23.54,47.34,23.2,47.4
1764311418.5868247,camera,AWAKE_IN_ROOM,0.8
1764311421.9215748,window,23.54,47.33,23.2,47.5
1764311428.6543832,camera,AWAKE_IN_ROOM,0.8
1764311431.927103,window,23.53,47.37,23.2,47.9
1764311438.7146761,camera,AWAKE_IN_ROOM,0.8
1764311441.9328732,window,23.53,47.46,23.2,48.2
1764311448.7419589,camera,AWAKE_IN_ROOM,0.8
1764311451.931589,window,23.54,47.5,23.2,47.9
1764311458.8172243,camera,AWAKE_IN_ROOM,0.8
1764311461.9360392,window,23.54,47.48,23.3,47.6
1764311468.8201115,camera,AWAKE_IN_ROOM,0.8
1764311471.9421165,window,23.55,47.44,23.3,47.4
1764311478.8252869,camera,AWAKE_IN_ROOM,0.8
1764311481.9465926,window,23.56,47.39,23.3,47.2
1764311488.8794155,camera,AWAKE_IN_ROOM,0.8
1764311491.9526472,window,23.56,47.34,23.3,47.1
1764311498.8903506,camera,AWAKE_IN_ROOM,0.8
1764311501.9582114,window,23.57,47.27,23.2,47.0
1764311508.927983,camera,AWAKE_IN_ROOM,0.8
1764311511.9643047,window,23.57,47.22,23.2,47.0
1764311518.9400146,camera,AWAKE_IN_ROOM,0.8
1764311521.970405,window,23.56,47.16,23.2,47.0
1764311528.996535,camera,AWAKE_IN_ROOM,0.8
1764311531.9735522,window,23.55,47.12,23.2,47.1
1764311538.9976,camera,AWAKE_IN_ROOM,0.8
1764311541.9789717,window,23.55,47.13,23.2,47.5
1764311549.0838823,camera,AWAKE_IN_ROOM,0.8
1764311551.9834933,window,23.54,47.16,23.2,47.7
1764311559.0980062,camera,AWAKE_IN_ROOM,0.8
1764311561.9904828,window,23.54,47.16,23.2,47.5
1764311569.1499515,camera,AWAKE_IN_ROOM,0.8
1764311571.9915128,window,23.53,47.17,23.1,47.3
1764311579.1564796,camera,AWAKE_IN_ROOM,0.8
1764311581.999531,window,23.53,47.16,23.2,47.3
1764311589.1584942,camera,AWAKE_IN_ROOM,0.8
1764311592.0071297,window,23.52,47.15,23.1,47.3
1764311599.2284636,camera,AWAKE_IN_ROOM,0.8
1764311602.0145643,window,23.52,47.14,23.2,47.2
1764311609.2318773,camera,AWAKE_IN_ROOM,0.8
1764311612.019388,window,23.52,47.14,23.1,47.2
1764311619.2439709,camera,AWAKE_IN_ROOM,0.8
1764311622.0269334,window,23.52,47.13,23.2,47.2
1764311629.3176386,camera,AWAKE_IN_ROOM,0.8
1764311632.0297341,window,23.51,47.13,23.1,47.3
1764311639.3322678,camera,AWAKE_IN_ROOM,0.8
1764311642.0367389,window,23.51,47.15,23.2,47.5
1764311649.3390381,camera,AWAKE_IN_ROOM,0.8
1764311652.0431662,window,23.51,47.2,23.2,47.7
1764311659.4085226,camera,AWAKE_IN_ROOM,0.8
1764311662.0490408,window,23.51,47.22,23.2,47.5
1764311669.4688296,camera,AWAKE_IN_ROOM,0.8
1764311672.0588875,window,23.51,47.21,23.2,47.4
1764311679.4736516,camera,AWAKE_IN_ROOM,0.8
1764311682.0646584,window,23.51,47.2,23.2,47.3
1764311689.4926958,camera,AWAKE_IN_ROOM,0.8
1764311692.065159,window,23.51,47.17,23.2,47.2
1764311699.4956074,camera,AWAKE_IN_ROOM,0.8
1764311702.070625,window,23.5,47.2,23.2,47.6
1764311709.4963675,camera,AWAKE_IN_ROOM,0.8
1764311712.0754979,window,23.5,47.22,23.2,47.5
1764311719.5642715,camera,AWAKE_IN_ROOM,0.8
1764311722.080391,window,23.5,47.23,23.2,47.5
1764311729.579184,camera,AWAKE_IN_ROOM,0.8
1764311732.0868502,window,23.5,47.25,23.2,47.6
1764311739.6538277,camera,AWAKE_IN_ROOM,0.8
1764311742.095229,window,23.5,47.26,23.2,47.5
1764311749.6559508,camera,AWAKE_IN_ROOM,0.8
1764311752.093059,window,23.5,47.27,23.2,47.4
1764311759.6594193,camera,AWAKE_IN_ROOM,0.8
1764311762.0998194,window,23.5,47.24,23.2,47.2
1764311769.7347596,camera,AWAKE_IN_ROOM,0.8
1764311772.107162,window,23.5,47.22,23.2,47.2
1764311775.9264581,bedside,5.4,70.4
1764311779.8190362,camera,AWAKE_IN_ROOM,0.8
1764311782.1129472,window,23.51,47.22,23.3,47.3
1764311785.9238942,bedside,5.47,70.92
1764311789.838299,camera,AWAKE_IN_ROOM,0.8
1764311792.1194015,window,23.53,47.23,23.3,47.4
1764311795.9304779,bedside,5.52,71.67
1764311799.8831756,camera,AWAKE_IN_ROOM,0.8
1764311802.125307,window,23.54,47.23,23.3,47.4
1764311805.92871,bedside,5.57,72.58
1764311809.9501066,camera,AWAKE_IN_ROOM,0.8
1764311812.1294656,window,23.54,47.21,23.3,47.2
1764311815.9357145,bedside,5.63,73.46
1764311819.9749153,camera,AWAKE_IN_ROOM,0.8
1764311822.136564,window,23.55,47.19,23.3,47.3
1764311825.9367895,bedside,5.66,74.24
1764311830.0516887,camera,AWAKE_IN_ROOM,0.8
1764311832.1426404,window,23.56,47.19,23.3,47.3
1764311835.934756,bedside,5.69,74.84
1764311840.0921984,camera,AWAKE_IN_ROOM,0.8
1764311842.149584,window,23.56,47.18,23.3,47.2
1764311845.936638,bedside,5.69,75.23
1764311850.0943475,camera,AWAKE_IN_ROOM,0.8
1764311852.1552916,window,23.57,47.18,23.3,47.3
1764311855.9435241,bedside,5.68,75.35
1764311860.166791,camera,AWAKE_IN_ROOM,0.8
1764311862.163776,window,23.57,47.27,23.3,48.1
1764311865.9430692,bedside,5.65,75.19
1764311870.1785152,camera,AWAKE_IN_ROOM,0.8
1764311872.1759806,window,23.58,47.32,23.3,47.9
1764311875.948142,bedside,5.61,74.78
1764311880.1788483,camera,AWAKE_IN_ROOM,0.8
1764311882.1796877,window,23.59,47.33,23.3,47.7
1764311890.2648625,camera,AWAKE_IN_ROOM,0.8
1764311892.1868112,window,23.61,47.33,23.3,47.6
1764311900.333605,camera,AWAKE_IN_ROOM,0.8
1764311902.194273,window,23.62,47.31,23.4,47.4
1764311910.4255946,camera,AWAKE_IN_ROOM,0.8
1764311912.201727,window,23.63,47.26,23.4,47.2
1764311920.4945314,camera,AWAKE_IN_ROOM,0.8
1764311922.206614,window,23.64,47.21,23.4,47.1
1764311930.503023,camera,AWAKE_IN_ROOM,0.8
1764311932.215206,window,23.65,47.17,23.4,47.1
1764311940.507097,camera,AWAKE_IN_ROOM,0.8
1764311942.2221293,window,23.65,47.11,23.4,47.0
1764311950.510208,camera,AWAKE_IN_ROOM,0.8
1764311952.2280133,window,23.66,47.05,23.4,46.9
1764311960.5847223,camera,AWAKE_IN_ROOM,0.8
1764311962.235851,window,23.67,47.0,23.4,46.8
1764311970.5854485,camera,AWAKE_IN_ROOM,0.8
1764311972.2428176,window,23.67,46.97,23.4,47.0
1764311980.6612952,camera,AWAKE_IN_ROOM,0.8
1764311982.2497544,window,23.67,46.95,23.4,47.0
1764311990.6653674,camera,AWAKE_IN_ROOM,0.8
1764311992.2571087,window,23.68,46.92,23.4,47.0
1764312000.6711612,camera,AWAKE_IN_ROOM,0.8
1764312002.2638543,window,23.68,46.89,23.4,46.8
1764312010.7581594,camera,AWAKE_IN_ROOM,0.8
1764312012.2710664,window,23.68,46.86,23.4,46.8
1764312020.825304,camera,AWAKE_IN_ROOM,0.8
1764312022.2775521,window,23.69,46.87,23.4,47.1
1764312030.8384082,camera,AWAKE_IN_ROOM,0.8
1764312032.2839494,window,23.69,46.89,23.4,47.2
1764312040.8407297,camera,AWAKE_IN_ROOM,0.8
1764312042.29211,window,23.69,46.89,23.4,47.1
1764312050.9076846,camera,AWAKE_IN_ROOM,0.8
1764312052.2985582,window,23.7,46.92,23.4,47.3
1764312060.910025,camera,AWAKE_IN_ROOM,0.8
1764312062.3053598,window,23.72,46.98,23.5,47.6
1764312070.9221792,camera,AWAKE_IN_ROOM,0.8
1764312072.3123467,window,23.71,47.07,23.5,48.0
1764312080.993302,camera,AWAKE_IN_ROOM,0.8
1764312082.3205194,window,23.73,47.12,23.5,47.5
1764312091.0040536,camera,AWAKE_IN_ROOM,0.8
1764312092.32541,window,23.74,47.1,23.4,47.1
1764312101.0046566,camera,AWAKE_IN_ROOM,0.8
1764312102.3321297,window,23.74,47.06,23.5,46.8
1764312111.089512,camera,AWAKE_IN_ROOM,0.8
1764312112.3364863,window,23.75,47.0,23.5,46.9
1764312121.0897293,camera,AWAKE_IN_ROOM,0.8
1764312122.3462586,window,23.76,46.94,23.5,46.8
1764312131.0901942,camera,AWAKE_IN_ROOM,0.8
1764312132.3473523,window,23.75,46.91,23.5,46.9
1764312141.1650214,camera,AWAKE_IN_ROOM,0.8
1764312142.3529696,window,23.76,46.88,23.5,46.9
1764312151.1651711,camera,AWAKE_IN_ROOM,0.8
1764312152.3605092,window,23.76,46.85,23.5,46.9
1764312162.3676941,window,23.77,46.83,23.5,46.9
1764312172.3708868,window,23.77,46.78,23.5,46.8
1764312182.3785815,window,23.78,46.74,23.5,46.6
1764312192.385282,window,23.77,46.72,23.4,46.7
1764312202.3909366,window,23.76,46.7,23.4,46.8
1764312212.3990495,window,23.75,46.69,23.4,46.8
1764312222.4037585,window,23.76,46.67,23.4,46.8
1764312232.4080458,window,23.75,46.66,23.4,46.7
1764312242.4163082,window,23.74,46.68,23.5,47.0
1764312252.4223187,window,23.75,46.72,23.5,47.0
1764312262.4299426,window,23.76,46.73,23.5,46.9
1764312272.4341316,window,23.76,46.75,23.5,47.1
1764312282.4410095,window,23.77,46.76,23.5,47.0
1764312292.4462323,window,23.77,46.78,23.5,47.1
1764312302.4529595,window,23.78,46.81,23.5,47.2
1764312312.4611154,window,23.78,46.85,23.5,47.2
1764312322.466796,window,23.78,46.98,23.5,48.0
1764312324.558939,bedside,7.2,67.8
1764312332.483905,window,23.8,47.1,23.5,47.9
1764312334.5581386,bedside,8.27,70.73
1764312342.4811049,window,23.8,47.14,23.5,47.5
1764312344.560949,bedside,8.93,73.74
1764312352.4893425,window,23.8,47.11,23.5,47.0
1764312354.5619233,bedside,9.52,76.6
1764312362.4962819,window,23.8,47.03,23.5,46.7
1764312364.5657644,bedside,10.05,79.22
1764312372.5023568,window,23.8,46.95,23.5,46.6
1764312374.5654206,bedside,10.54,81.62
1764312382.5101545,window,23.8,46.87,23.5,46.5
1764312384.568078,bedside,11.01,83.77
1764312392.517571,window,23.8,46.79,23.5,46.4
1764312394.5703893,bedside,11.47,85.68
1764312402.52511,window,23.8,46.72,23.5,46.4
1764312404.5716329,bedside,11.92,87.33
1764312412.5391314,window,23.8,46.66,23.5,46.4
1764312414.5753975,bedside,12.36,88.46
1764312422.5453665,window,23.8,46.61,23.4,46.4
1764312424.5759797,bedside,12.81,88.71
1764312432.5502002,window,23.8,46.55,23.4,46.4
1764312434.577444,bedside,13.27,88.15
1764312442.558719,window,23.79,46.5,23.4,46.4
1764312444.5804543,bedside,13.73,87.03
1764312452.5653508,window,23.77,46.47,23.4,46.5
1764312454.5820684,bedside,14.2,85.56
1764312462.5735404,window,23.76,46.44,23.4,46.5
1764312464.585686,bedside,14.65,83.83
1764312472.5794637,window,23.76,46.42,23.4,46.5
1764312474.5874805,bedside,15.09,82.01
1764312482.5881803,window,23.75,46.4,23.4,46.5
1764312484.5897143,bedside,15.52,80.12
1764312492.5935698,window,23.74,46.37,23.4,46.5
1764312494.592341,bedside,15.93,78.26
1764312502.6042204,window,23.74,46.36,23.4,46.5
1764312504.5946293,bedside,16.34,76.43
1764312512.6066444,window,23.73,46.38,23.4,46.8
1764312514.5969992,bedside,16.74,74.68
1764312522.6143441,window,23.73,46.4,23.4,46.8
1764312524.600071,bedside,17.12,73.01
1764312532.6186852,window,23.71,46.41,23.3,46.7
1764312534.6013322,bedside,17.47,71.43
1764312542.6265388,window,23.71,46.41,23.3,46.7
1764312544.6026514,bedside,17.81,69.91
1764312552.6330273,window,23.71,46.44,23.4,46.8
1764312554.612393,bedside,18.14,68.47
1764312562.6411765,window,23.71,46.46,23.4,46.9
1764312564.608602,bedside,18.45,67.13
1764312572.6502767,window,23.71,46.48,23.3,46.7
1764312574.616609,bedside,18.74,65.86
1764312582.6610565,window,23.69,46.49,23.4,46.7
1764312584.6093972,bedside,19.03,64.65
1764312592.6605687,window,23.68,46.5,23.4,46.8
1764312594.6128607,bedside,19.3,63.52
1764312602.6676843,window,23.67,46.5,23.3,46.7
1764312604.615298,bedside,19.57,62.48
1764312612.6738472,window,23.67,46.49,23.3,46.6
1764312614.6150215,bedside,19.82,61.52
1764312622.680768,window,23.66,46.47,23.3,46.5
1764312624.6185615,bedside,20.06,60.61
1764312632.6873574,window,23.67,46.46,23.4,46.5
1764312634.6212988,bedside,20.27,59.76
1764312642.6955457,window,23.66,46.44,23.3,46.5
1764312644.625303,bedside,20.49,58.96
1764312652.7014441,window,23.65,46.42,23.3,46.5
1764312662.7083054,window,23.64,46.4,23.3,46.5
1764312672.7168353,window,23.64,46.39,23.3,46.4
1764312682.723066,window,23.63,46.4,23.3,46.6
1764312692.7339036,window,23.63,46.4,23.3,46.6
1764312702.7393634,window,23.63,46.39,23.3,46.5
1764312712.741434,window,23.62,46.39,23.3,46.5
1764312722.7521148,window,23.62,46.38,23.3,46.5
1764312732.7548926,window,23.62,46.38,23.3,46.5
1764312742.769589,window,23.61,46.37,23.3,46.5
1764312743.663156,bedside,22.3,53.1,
1764312752.768114,window,23.61,46.37,23.3,46.6
1764312893.5388744,window,23.61,46.38,23.3,46.6
1764312893.6223402,bedside,22.77,52.34,
1764312911.0315654,window,23.6,46.37,23.2,46.5
1764312913.3615825,bedside,23.03,51.39,
1764312926.5117745,window,23.58,46.36,23.2,46.6
1764312928.8233626,bedside,23.14,50.78,
